{
  "lights": {
    "0": {
      "type": "point",
      "position": [
        -0.0,
        7,
        -2
      ],
      "intensity": 3.1586479857089982,
      "color": [
        0.93,
        0.98,
        1
      ]
    },
    "1": {
      "type": "point",
      "position": [
        -0.0,
        7,
        -5
      ],
      "intensity": 3.1586479857089982,
      "color": [
        0.93,
        0.98,
        1
      ]
    },
    "2": {
      "type": "point",
      "position": [
        -0.0,
        7,
        -8
      ],
      "intensity": 3.1586479857089982,
      "color": [
        0.93,
        0.98,
        1
      ]
    },
    "3": {
      "type": "point",
      "position": [
        -0.0,
        7,
        -11
      ],
      "intensity": 3.1586479857089982,
      "color": [
        0.93,
        0.98,
        1
      ]
    },
    "4": {
      "type": "point",
      "position": [
        -0.0,
        7,
        -14
      ],
      "intensity": 3.1586479857089982,
      "color": [
        0.93,
        0.98,
        1
      ]
    },
    "5": {
      "type": "point",
      "position": [
        -0.0,
        7,
        -17
      ],
      "intensity": 3.1586479857089982,
      "color": [
        0.93,
        0.98,
        1
      ]
    }
  }
}