{
  "lights": {
    "0": {
      "type": "point",
      "position": [
        -3.0,
        6,
        -2
      ],
      "intensity": 4.1586479857089982,
      "color": [
        0.93,
        0.98,
        1
      ]
    },
    "1": {
      "type": "point",
      "position": [
        -0.0,
        6,
        -5
      ],
      "intensity": 4.1586479857089982,
      "color": [
        0.93,
        0.98,
        1
      ]
    },
    "2": {
      "type": "point",
      "position": [
        -0.0,
        6,
        -8
      ],
      "intensity": 4.1586479857089982,
      "color": [
        0.93,
        0.98,
        1
      ]
    },
    "3": {
      "type": "point",
      "position": [
        -0.0,
        6,
        -11
      ],
      "intensity": 4.1586479857089982,
      "color": [
        0.93,
        0.98,
        1
      ]
    },
    "4": {
      "type": "point",
      "position": [
        -0.0,
        6,
        -14
      ],
      "intensity": 4.1586479857089982,
      "color": [
        0.93,
        0.98,
        1
      ]
    },
    "5": {
      "type": "point",
      "position": [
        -0.0,
        6,
        -10
      ],
      "intensity": 4.1586479857089982,
      "color": [
        0.93,
        0.98,
        1
      ]
    },

    "12": {
      "type": "point",
      "position": [
        -3.0,
        6,
        -2
      ],
      "intensity": 4.1586479857089982,
      "color": [
        0.93,
        0.98,
        1
      ]
    },
    "13": {
      "type": "point",
      "position": [
        -3.0,
        6,
        -5
      ],
      "intensity": 4.1586479857089982,
      "color": [
        0.93,
        0.98,
        1
      ]
    },
    "14": {
      "type": "point",
      "position": [
        -3.0,
        6,
        -8
      ],
      "intensity": 4.1586479857089982,
      "color": [
        0.93,
        0.98,
        1
      ]
    },
    "15": {
      "type": "point",
      "position": [
        -3.0,
        6,
        -11
      ],
      "intensity": 4.1586479857089982,
      "color": [
        0.93,
        0.98,
        1
      ]
    },
    "16": {
      "type": "point",
      "position": [
        -3.0,
        6,
        -14
      ],
      "intensity": 4.1586479857089982,
      "color": [
        0.93,
        0.98,
        1
      ]
    },
    "17": {
      "type": "point",
      "position": [
        -3.0,
        6,
        -17
      ],
      "intensity": 4.1586479857089982,
      "color": [
        0.93,
        0.98,
        1
      ]
    },

    "6": {
      "type": "point",
      "position": [
        3.0,
        6,
        -2
      ],
      "intensity": 4.1586479857089982,
      "color": [
        0.93,
        0.98,
        1
      ]
    },
    "7": {
      "type": "point",
      "position": [
        3.0,
        6,
        -5
      ],
      "intensity": 4.1586479857089982,
      "color": [
        0.93,
        0.98,
        1
      ]
    },
    "8": {
      "type": "point",
      "position": [
        3.0,
        6,
        -8
      ],
      "intensity": 4.1586479857089982,
      "color": [
        0.93,
        0.98,
        1
      ]
    },
    "9": {
      "type": "point",
      "position": [
        3.0,
        6,
        -11
      ],
      "intensity": 4.1586479857089982,
      "color": [
        0.93,
        0.98,
        1
      ]
    },
    "10": {
      "type": "point",
      "position": [
        3.0,
        6,
        -14
      ],
      "intensity": 4.1586479857089982,
      "color": [
        0.93,
        0.98,
        1
      ]
    },
    "11": {
      "type": "point",
      "position": [
        3.0,
        6,
        -17
      ],
      "intensity": 4.1586479857089982,
      "color": [
        0.93,
        0.98,
        1
      ]
    }
  }
}